City,Cloudiness,Country,Date,Humidity,Max Temp,Lat,Lng,Wind Speed
Kawalu,57,ID,1575855609,66,81.43,-7.38,108.21,5.37
Guerrero Negro,100,MX,1575855617,80,66.49,27.97,-114.04,15.14
Leningradskiy,100,RU,1575855614,95,7.72,69.38,178.42,18.1
Mae Sot,6,MM,1575855896,82,62.01,16.71,98.57,3.96
Mahebourg,40,MU,1575855617,94,78.01,-20.41,57.7,3.36
Kapaa,40,US,1575855605,78,82.4,22.08,-159.32,10.29
Provideniya,75,RU,1575855612,93,35.6,64.42,-173.23,22.37
Hermanus,89,ZA,1575855605,80,64.99,-34.42,19.24,7
Roald,100,NO,1575855613,93,35.6,62.58,6.12,19.46
Ruston,1,US,1575855898,87,55.4,32.52,-92.64,5.82
Pevek,100,RU,1575855613,93,1.96,69.7,170.27,14.99
Srednekolymsk,86,RU,1575855608,98,-28.71,67.46,153.71,3.2
Lucea,20,JM,1575855898,78,78.8,18.44,-78.17,8.05
Lebu,97,ET,1575855617,92,53.46,8.96,38.73,2.04
Bluff,8,AU,1575855612,22,97.09,-23.58,149.07,17.05
Solnechnyy,94,RU,1575855610,83,-6.34,50.72,136.64,3.69
Ancud,90,CL,1575855611,82,55.4,-41.87,-73.83,5.82
Carnarvon,91,ZA,1575855604,74,55,-30.97,22.13,15.26
Mataura,45,NZ,1575855605,69,55.99,-46.19,168.86,15.01
The Valley,20,AI,1575855651,69,80.6,18.22,-63.06,11.41
Cape Town,0,ZA,1575855332,68,66,-33.93,18.42,9.17
Kangundo,75,KE,1575855898,93,64.4,-1.3,37.35,5.82
Padang,24,ID,1575855614,63,80.78,-0.92,100.36,2.98
Van Wert,1,US,1575855898,75,50,40.86,-84.58,10.29
Nelson Bay,0,AU,1575855622,48,82.4,-32.72,152.14,9.17
Sawakin,95,SD,1575855898,73,76.55,19.1,37.33,14.85
Micheweni,100,TZ,1575855898,77,84.31,-4.97,39.83,14.12
Khatanga,73,RU,1575855624,88,-8.86,71.98,102.47,4.41
Noumea,75,NC,1575855612,52,91.4,-22.28,166.46,12.75
Hithadhoo,24,MV,1575855608,77,83.34,-0.6,73.08,19.01
Come,40,BJ,1575855899,83,82.4,6.41,1.88,11.41
Pouebo,100,NC,1575855899,66,82.56,-20.4,164.57,3.04
Tehachapi,75,US,1575855899,100,54,35.13,-118.45,21.92
Cloquet,90,US,1575855899,92,30.2,46.72,-92.46,9.17
Nome,1,US,1575855611,88,66.2,30.04,-94.42,8.05
Barrow,0,AR,1575855609,88,52.39,-38.31,-60.23,4.45
Rikitea,100,PF,1575855605,82,74.26,-23.12,-134.97,25.08
Busselton,0,AU,1575855608,29,78.01,-33.64,115.35,8.72
Qaanaaq,0,GL,1575855610,56,-6.52,77.48,-69.36,7.07
Dikson,0,RU,1575855604,85,-2.85,73.51,80.55,19.86
Ballina,70,IE,1575855899,99,48,54.11,-9.15,17.16
Mantua,75,IT,1575855899,93,45,45.16,10.79,2.24
Albany,75,US,1575855465,51,37,42.65,-73.75,16.11
Port Elizabeth,90,US,1575855609,90,46,39.31,-74.98,4.09
Comodoro Rivadavia,33,AR,1575855899,49,71.6,-45.87,-67.48,4.7
Ushuaia,75,AR,1575855607,87,44.6,-54.81,-68.31,8.05
Hasaki,40,JP,1575855611,70,48,35.73,140.83,11.41
Muncar,4,ID,1575855899,74,83.39,-8.43,114.34,6.91
Punta Arenas,75,CL,1575855607,87,51.8,-53.16,-70.91,8.05
Katsuura,20,JP,1575855631,66,55.99,33.93,134.5,6.93
Saskylakh,93,RU,1575855614,92,-8.54,71.97,114.09,5.93
Contamana,29,PE,1575855628,65,77.5,-7.35,-75.01,3.13
Butaritari,40,KI,1575855606,71,81.09,3.07,172.79,4.5
Severo-Kurilsk,93,RU,1575855608,72,25.38,50.68,156.12,23.6
Jamestown,65,AU,1575855607,25,86.72,-33.21,138.6,14.65
Impfondo,48,CD,1575855900,71,70.74,1.62,18.06,2.24
Auki,8,NG,1575855613,19,67.68,12.18,6.51,10.02
Klaksvik,77,FO,1575855619,80,35.6,62.23,-6.59,26.4
Naze,0,NG,1575855900,95,73.72,5.43,7.07,3.2
Ponta do Sol,100,BR,1575855608,96,65.79,-20.63,-46,4.34
Progreso,0,UY,1575855900,47,75.2,-34.68,-56.22,8.05
Victoria,75,BN,1575855611,78,82.4,5.28,115.24,1.12
Port Lincoln,100,AU,1575855614,69,65.57,-34.72,135.86,18.43
Lagoa,20,PT,1575855613,100,59,37.14,-8.45,5.82
Arraial do Cabo,0,BR,1575855607,77,72.73,-22.97,-42.02,21.45
Pangnirtung,100,CA,1575855616,58,6.04,66.15,-65.72,22.15
Kieta,100,PG,1575855617,70,84.07,-6.22,155.63,4.74
Hilo,75,US,1575855429,69,80.6,19.71,-155.08,6.93
Bathsheba,20,BB,1575855613,74,80.6,13.22,-59.52,16.11
Ilhabela,70,BR,1575855900,81,72.12,-23.78,-45.36,15.88
Tiksi,0,RU,1575855612,83,-23.96,71.64,128.87,5.44
Edson,90,CA,1575855900,85,21.2,53.59,-116.44,5.82
Atuona,0,PF,1575855609,70,79.41,-9.8,-139.03,11.92
Batagay,89,RU,1575855901,77,-26.7,67.65,134.64,0.63
Tasiilaq,100,GL,1575855613,68,26.6,65.61,-37.64,3.36
Tshikapa,100,CD,1575855901,98,67.57,-6.42,20.79,2.15
Egvekinot,100,RU,1575855631,93,10.17,66.32,-179.17,17.74
Port Alfred,100,ZA,1575855607,77,64.99,-33.59,26.89,3
Portel,0,BR,1575855901,87,74.73,-1.94,-50.82,3.47
Kiama,33,AU,1575855901,42,82.99,-34.67,150.86,10.29
Panormos,0,GR,1575855901,77,50,38.37,22.25,0.81
College,40,US,1575855607,92,16,64.86,-147.8,2.1
Binzhou,0,CN,1575855901,94,33.01,37.38,117.96,5.17
Paamiut,100,GL,1575855901,49,30.81,61.99,-49.67,13.02
Isetskoye,0,RU,1575855901,92,21.18,56.49,65.32,8.48
Vaini,100,IN,1575855608,88,66.2,15.34,74.49,4.7
Grand Gaube,40,MU,1575855623,94,78.01,-20.01,57.66,3.36
Newport,90,GB,1575855712,81,50,51.59,-3,24.16
Komsomolskiy,100,RU,1575855631,95,20.39,67.55,63.78,15.28
Bandarbeyla,0,SO,1575855621,82,80.31,9.49,50.81,12.75
Aripuana,92,BR,1575855902,82,76.19,-9.17,-60.63,1.43
Pierre,90,US,1575855362,100,21.2,44.37,-100.35,21.92
Cidreira,13,BR,1575855624,86,71.42,-30.17,-50.22,16.26
Oriximina,35,BR,1575855902,79,79.47,-1.77,-55.87,1.88
New Norfolk,100,AU,1575855606,29,81,-42.78,147.06,13.87
Lompoc,90,US,1575855618,87,55.99,34.64,-120.46,5.84
Sioux Lookout,75,CA,1575855902,70,-2.2,50.1,-91.92,2.24
Ritchie,13,ZA,1575855902,82,62.6,-29.03,24.6,4.7
Kavieng,100,PG,1575855610,64,85.77,-2.57,150.8,4.74
Nizhniy Kuranakh,100,RU,1575855902,96,0.7,58.84,125.49,2.84
Salinopolis,0,BR,1575855902,75,83.12,-0.61,-47.36,18.16
Coquimbo,0,CL,1575855621,82,57.2,-29.95,-71.34,6.93
Lafia,0,NG,1575855902,28,72.75,8.5,8.51,2.3
Otradnoye,75,RU,1575855902,86,37.99,59.77,30.8,11.18
Longyearbyen,20,NO,1575855614,60,10.4,78.22,15.63,11.41
Mingaora,99,PK,1575855741,21,41.2,34.78,72.36,7.72
Yellowknife,5,CA,1575855606,73,-31,62.45,-114.38,5.82
Mar del Plata,66,AR,1575855449,52,62.19,-46.43,-67.52,3.83
Itarema,0,BR,1575855615,79,77.97,-2.92,-39.92,6.4
Chingirlau,0,KZ,1575855903,70,23.29,51.09,54.08,7.43
Bucerias,5,MX,1575855632,83,78.8,20.76,-105.33,11.41
Ban Nahin,0,LA,1575855903,43,64.22,18.24,104.21,4.29
Grindavik,18,IS,1575855627,74,28.4,63.84,-22.43,1.12
Puerto Ayora,62,EC,1575855606,90,72,-0.74,-90.35,1.99
Marquette,90,US,1575855773,92,30.2,46.54,-87.4,14.99
East London,100,ZA,1575855615,75,64.47,-33.02,27.91,10.92
Denpasar,20,ID,1575855779,79,86,-8.65,115.22,8.05
Kirakira,100,SB,1575855616,79,81.55,-10.46,161.92,6.91
Hami,0,CN,1575855608,47,28.44,42.84,93.51,2.73
Beringovskiy,100,RU,1575855612,98,4.26,63.05,179.32,11.92
Matara,100,BI,1575855903,98,57.11,-3.48,29.48,1.45
San Patricio,11,PY,1575855620,77,68.25,-26.98,-56.83,2.55
America Dourada,4,BR,1575855904,82,70.12,-11.46,-41.44,11.12
Gat,27,SN,1575855904,77,69.8,14.69,-16.54,14.99
Bredasdorp,79,ZA,1575855605,68,66.2,-34.53,20.04,14.99
Khanpur,47,PK,1575855904,24,63.86,28.65,70.66,3.91
Utiel,4,ES,1575855904,76,55.99,39.57,-1.21,14.99
Namwala,23,ZM,1575855904,90,67.71,-15.75,26.45,2.77
Sobolevo,100,RU,1575855904,92,35.73,54.43,31.9,15.99
Changtu,100,CN,1575855904,66,26.98,42.78,124.11,7.9
Sao Joao da Barra,96,BR,1575855904,78,71.51,-21.64,-41.05,9.75
Gornopravdinsk,100,RU,1575855904,92,26.8,60.06,69.92,10.6
Hammerfest,40,NO,1575855904,79,26.6,70.66,23.68,8.05
Le Vauclin,40,MQ,1575855630,78,80.6,14.55,-60.84,5.82
Thompson,20,CA,1575855614,75,-20.2,55.74,-97.86,4.7
Berlevag,19,NO,1575855621,57,33.91,70.86,29.09,18.3
Barberino di Mugello,40,IT,1575855904,93,57,44,11.24,4.7
Bambous Virieux,40,MU,1575855613,94,78.01,-20.34,57.76,3.36
Novochernorechenskiy,98,RU,1575855904,93,8.85,56.27,91.08,1.52
Thinadhoo,73,MV,1575855904,80,82.62,0.53,72.93,15.99
Ambon,76,FR,1575855904,76,53.01,47.55,-2.56,20.8
Khash,17,IR,1575855904,96,49.93,28.22,61.21,8.23
Cabo San Lucas,5,MX,1575855390,78,75,22.89,-109.91,4.7
Medicine Hat,5,CA,1575855857,84,-2.2,50.04,-110.68,2.24
Faanui,77,PF,1575855628,73,82.09,-16.48,-151.75,10.4
Zaporizhzhya,90,UA,1575855905,100,37.4,47.82,35.18,2.24
Deer Lake,90,CA,1575855905,79,26.6,49.18,-57.43,9.17
Avera,90,US,1575855905,58,55.4,33.19,-82.53,6.93
Lircay,100,PE,1575855905,77,47.59,-12.99,-74.72,5.28
Port Blair,91,IN,1575855708,75,79.54,11.67,92.75,17.09
Sur,0,OM,1575855905,79,71.73,22.57,59.53,0.87
Rosarito,75,CO,1575855905,94,71.6,4.91,-75.23,3.38
Geraldton,75,CA,1575855608,70,-4,49.72,-86.95,6.93
Ojinaga,1,US,1575855905,32,69.8,29.56,-104.41,8.05
Talnakh,5,RU,1575855606,75,-13,69.49,88.39,6.71
Dali,0,CN,1575855905,19,52.48,34.79,109.94,8.19
Sanchor,90,IN,1575855905,38,64.67,24.76,71.77,7.16
Saint-Augustin,90,CA,1575855498,86,33.01,45.63,-73.98,16.11
Aswan,100,EG,1575855905,66,54.36,24.09,32.9,9.33
San Francisco,100,CO,1575855702,95,52.77,1.17,-76.88,3.44
Fortuna,90,US,1575855623,93,53.01,40.6,-124.16,6.93
Hofn,0,IS,1575855613,57,32.2,64.25,-15.21,6.51
Sabla,99,NG,1575855905,19,68.83,12.75,4.71,7.72
Memari,40,IN,1575855906,88,64.4,23.17,88.11,3.94
Miraflores,99,PE,1575855619,71,55.4,-16.39,-71.52,4.7
Milkovo,0,BG,1575855906,87,48.2,41.53,24.68,3.36
Vengerovo,64,RU,1575855906,96,20.28,55.68,76.74,7.83
Mehran,0,IR,1575855906,63,53.15,33.12,46.17,6.08
Yabassi,75,CM,1575855906,100,77,4.46,9.97,2.24
Marrakesh,0,MA,1575855906,87,50,31.63,-7.99,4.7
Harper,1,US,1575855906,63,64.4,30.3,-99.24,19.04
Alofi,95,NU,1575855619,66,84.2,-19.06,-169.92,14.99
Nikolskoye,75,RU,1575855606,86,37.99,59.7,30.79,11.18
Staraya Toropa,100,RU,1575855906,91,38.8,56.28,31.67,12.68
Kinango,100,KE,1575855906,92,74.91,-4.13,39.32,4.45
San Quintin,0,PH,1575855626,57,81.55,17.54,120.52,8.03
Avarua,62,CK,1575855609,65,80.6,-21.21,-159.78,16.11
Norman Wells,75,CA,1575855497,75,-16.6,65.28,-126.83,6.93
Husavik,100,CA,1575855906,78,-0.99,50.56,-96.99,5.99
Lavrentiya,82,RU,1575855614,88,30.36,65.58,-170.99,25.1
Kaitangata,59,NZ,1575855610,60,59,-46.28,169.85,11.01
Mercedes,30,UY,1575855907,67,73,-33.25,-58.03,3
Luderitz,0,NA,1575855607,93,60.8,-26.65,15.16,5.82
Narsaq,60,GL,1575855626,27,35.6,60.91,-46.05,21.92
Maryborough,4,AU,1575855657,39,91.6,-25.54,152.7,10.07
Torbay,75,CA,1575855618,68,26.01,47.66,-52.73,20.8
Ostrovnoy,88,RU,1575855619,95,17.11,68.05,39.51,10.13
Iberia,2,PE,1575855907,84,74.19,-11.41,-69.49,2.57
Okhotsk,75,RU,1575855628,77,-4.79,59.36,143.24,8.88
Riverton,90,US,1575855907,100,37.4,43.02,-108.38,17.78
Onokhoy,20,RU,1575855907,76,-4,51.92,108.05,2.24
Georgetown,40,GY,1575855626,83,80.6,6.8,-58.16,6.93
Iqaluit,90,CA,1575855625,66,15.8,63.75,-68.52,21.92
Dabakala,0,CI,1575855907,68,75.54,8.36,-4.43,4.61
Kruisfontein,56,ZA,1575855606,89,54.97,-34,24.73,5.99
Ilulissat,87,GL,1575855623,49,-0.4,69.22,-51.1,3.36
Salalah,75,OM,1575855606,88,78.8,17.01,54.1,8.05
Cap Malheureux,40,MU,1575855618,94,78.01,-19.98,57.61,3.36
Ahuimanu,90,US,1575855908,69,82.4,21.44,-157.84,2.71
Serdobsk,100,RU,1575855908,98,33.78,52.46,44.21,7.07
Ternate,40,PH,1575855908,69,84,14.29,120.72,2.24
Sitka,72,US,1575855610,55,48.99,37.17,-99.65,1.01
Dickinson,90,US,1575855629,84,9,46.88,-102.79,13.87
Hobart,100,AU,1575855596,29,81,-42.88,147.33,13.87
Nabire,0,ID,1575855624,51,91.42,-3.36,135.5,4.45
Hobyo,9,SO,1575855908,86,77.32,5.35,48.53,6.33
Zarubino,25,RU,1575855908,80,32.54,42.65,131.06,7.61
Charters Towers,0,AU,1575855908,19,95.94,-20.07,146.27,18.81
Mihona,0,IN,1575855908,53,63.18,26.28,78.98,0.74
Ahipara,0,NZ,1575855604,80,72,-35.17,173.16,1.01
Taltal,12,CL,1575855611,88,55.36,-25.41,-70.49,0.72
Birobidzhan,62,RU,1575855908,63,0.28,48.79,132.93,2.24
Upernavik,93,GL,1575855613,56,0.12,72.79,-56.15,5.37
Wooster,40,US,1575855631,70,50,40.8,-81.94,10.29
Sid,4,YE,1575855908,87,66.63,15.7,43.66,1.45
Chapada dos Guimaraes,40,BR,1575855829,88,77,-15.46,-55.75,3.36
Ellisras,100,ZA,1575855908,83,70.36,-23.67,27.74,16.87
Namibe,78,AO,1575855316,78,70.74,-15.19,12.15,15.12
Aklavik,75,CA,1575855723,75,-13,68.22,-135.01,4.7
Tuktoyaktuk,20,CA,1575855614,68,-16.6,69.44,-133.03,9.17
Kutum,0,SD,1575855623,39,51.15,14.2,24.66,4.18
Port Hedland,0,AU,1575855613,11,104,-20.31,118.58,14.99
Ampanihy,90,MG,1575855909,84,73.35,-24.69,44.75,9.95
Mao,40,DO,1575855612,88,79,19.55,-71.08,4.7
Baykit,8,RU,1575855909,96,-11.42,61.68,96.39,3.11
Mehamn,14,NO,1575855317,59,24.71,71.03,27.85,12.86
Laguna,20,BZ,1575855628,94,73.4,16.17,-88.94,1.77
Clyde River,90,CA,1575855612,75,-14.8,70.47,-68.59,12.75
Sao Filipe,61,CV,1575855606,78,68.88,14.9,-24.5,18.32
Waipawa,37,NZ,1575855909,51,69.01,-39.94,176.59,8.01
Caravelas,98,BR,1575855909,98,72.41,-17.73,-39.27,2.39
Saint George,75,GR,1575855626,100,41,39.45,22.34,0.83
Shimoda,40,JP,1575855909,76,54,34.7,138.93,19.46
Castro,90,CL,1575855610,82,55.4,-42.48,-73.76,5.82
Goderich,100,CA,1575855629,88,45,43.74,-81.71,11.99
Port Moresby,40,PG,1575855909,55,87.8,-9.47,147.16,17.22
Baiyin,0,CN,1575855909,72,14,36.55,104.13,4.47
La Paz,62,MX,1575855909,87,71.01,24.15,-110.32,1.01
Farafangana,94,MG,1575855909,89,79.79,-22.82,47.83,9.75
Bubaque,89,GW,1575855615,51,81.61,11.28,-15.83,15.95
Isangel,75,VU,1575855909,78,82.4,-19.55,169.27,11.41
Rodeo,0,MX,1575855910,37,61.27,25.18,-104.56,0.89
San Cristobal,4,HN,1575855625,97,62.53,14.68,-86.92,2.51
Togur,100,RU,1575855910,95,16.41,58.36,82.83,6.02
Vila Franca do Campo,75,PT,1575855628,93,62.6,37.72,-25.43,2.24
Rocha,98,UY,1575855806,67,65.44,-34.48,-54.34,7.72
Cherskiy,100,RU,1575855611,99,-23.42,68.75,161.3,1.57
Teya,20,MX,1575855910,78,78.8,21.05,-89.07,4.7
Samarai,99,PG,1575855910,64,86.09,-10.62,150.67,3.24
Ontario,90,US,1575855910,100,62.6,34.07,-117.65,6.93
Sakaiminato,20,JP,1575855910,75,46.4,35.55,133.23,4.7
Chifeng,91,CN,1575855910,41,29.82,42.27,118.96,5.14
Havoysund,40,NO,1575855607,79,26.6,71,24.66,8.05
Saint Anthony,100,US,1575855624,98,36,43.97,-111.68,8.05
Hervey Bay,1,AU,1575855611,43,88,-25.3,152.85,11.41
Minna,9,NG,1575855910,23,72.09,9.62,6.55,6.35
Chapais,90,CA,1575855620,86,26.6,49.78,-74.86,16.11
Meulaboh,55,ID,1575855606,77,79.88,4.14,96.13,4.61
Binga,97,ZW,1575855910,73,77.31,-17.62,27.34,0.78
Alugan,56,PH,1575855911,82,82.04,12.22,125.48,9.91
Buzmeyin,75,TM,1575855911,100,41,38.05,58.21,4.7
Gushikawa,40,JP,1575855911,64,69.8,26.35,127.87,17.22
Axim,0,GH,1575855911,93,75.4,4.87,-2.24,0.65
Coihaique,100,CL,1575855628,55,60.8,-45.58,-72.07,8.05
Cayenne,68,GF,1575855911,94,73.4,4.94,-52.33,6.93
Bam,0,IR,1575855911,56,56.28,29.11,58.36,6.87
Marsa Matruh,85,EG,1575855620,68,67.24,31.35,27.25,15.88
Matay,0,EG,1575855622,86,48.87,28.42,30.79,2.57
Port Macquarie,0,AU,1575855911,57,81,-31.43,152.91,18.34
Poplar Bluff,1,US,1575855911,87,55.4,36.76,-90.39,10.47
Pendleton,90,US,1575855911,45,50,34.65,-82.78,4.7
Usinsk,100,RU,1575855911,92,30.38,66,57.56,22.59
Hamilton,90,CA,1575855346,81,48.99,43.26,-79.87,17.22
Portland,75,US,1575855537,40,39,43.66,-70.25,10.29
Dunedin,80,NZ,1575855615,73,53.11,-45.87,170.5,17.38
Fuerte Olimpo,100,BR,1575855611,95,72.61,-21.04,-57.87,9.8
Wolfsburg,75,DE,1575855912,87,46.99,52.42,10.79,9.17
Inuvik,75,CA,1575855614,75,-13,68.36,-133.71,4.7
Coruripe,33,BR,1575855912,80,78.84,-10.12,-36.18,15.77
Floro,100,NO,1575855912,86,39.2,61.6,5.03,8.05
Lagunas,40,PE,1575855912,84,74.93,-5.23,-75.68,3.44
Shelburne,90,CA,1575855912,80,42.8,44.08,-80.2,6.93
Timra,100,SE,1575855912,91,32,62.49,17.33,4.7
Ghanzi,64,BW,1575855912,54,72.41,-21.7,21.65,3.49
Chara,75,GR,1575855612,100,41,39.42,22.43,0.83
Airai,0,TL,1575855611,29,88.23,-8.93,125.41,7.81
Road Town,40,VG,1575855629,88,80.6,18.42,-64.62,8.05
Soure,90,PT,1575855912,93,55.4,40.06,-8.63,8.05
Vestmanna,34,FO,1575855913,80,35.6,62.16,-7.17,26.4
Tuatapere,52,NZ,1575855311,69,55.99,-46.13,167.69,15.01
Lasa,75,CY,1575855620,71,55.4,34.92,32.53,9.17
Kalianget,75,ID,1575855913,83,87.01,-7.35,109.91,3.36
Ribeira Grande,91,PT,1575855604,90,61.59,38.52,-28.7,13
Sola,100,TZ,1575855629,94,64.42,-3.17,33.8,6.49
Altoona,90,US,1575855913,38,39.99,40.52,-78.39,9.17
Yumen,0,CN,1575855607,41,27.07,40.29,97.04,24.67
Soledade,40,BR,1575855913,83,73.4,-7.06,-36.37,11.41
Nizwa,0,OM,1575855913,86,62.35,22.93,57.53,0.27
Shakawe,100,BW,1575855913,68,71.15,-18.36,21.84,3.13
Tezu,0,IN,1575855913,38,64.58,27.93,96.16,2.57
Thunder Bay,90,CA,1575855782,60,10.4,48.41,-89.26,8.05
Ordzhonikidze,3,UA,1575855913,82,45.12,44.96,35.36,12.46
Santa Isabel,75,MX,1575855913,77,66.2,32.63,-115.58,4.7
Antalaha,34,MG,1575855913,77,81.79,-14.9,50.28,13.6
Lubango,0,AO,1575855913,44,54.61,-14.92,13.49,5.26
Ewa Beach,90,US,1575855913,69,82.4,21.32,-158.01,2.71
Verkhnyaya Toyma,96,RU,1575855913,84,32.23,62.24,45,9.95
Bethel,1,US,1575855610,74,30.2,60.79,-161.76,8.05
Lyubinskiy,75,RU,1575855914,100,24.8,55.15,72.69,8.95
Guilin,40,CN,1575855914,87,42.8,25.28,110.29,2.24
Vila Velha,40,BR,1575855615,69,86,-3.71,-38.6,6.93
Tabuk,51,PH,1575855627,78,75.07,17.41,121.44,8.23
Kodiak,90,US,1575855611,87,48,39.95,-94.76,5.82
Kruszwica,100,PL,1575855914,81,46.99,52.67,18.33,10.29
Namtsy,34,RU,1575855914,57,-41.8,62.72,129.66,6.71
Bonavista,98,CA,1575855625,82,26.01,48.65,-53.11,21.99
Strezhevoy,90,RU,1575855619,92,21.2,60.73,77.6,13.42
Sisimiut,85,GL,1575855914,56,3.27,66.94,-53.67,8.5
Mana,1,NG,1575855914,18,67.44,13.03,5.27,7.94
Camacupa,100,AO,1575855914,97,63.41,-12.02,17.48,1.9
Manadhoo,28,MV,1575855914,71,83.19,5.77,73.38,24.34
Waingapu,0,ID,1575855914,72,83.97,-9.65,120.26,5.46
Chake Chake,100,TZ,1575855914,77,84.15,-5.25,39.77,16.15
Vostok,14,RU,1575855914,81,17.42,46.45,135.83,1.74
Artur Nogueira,99,BR,1575855914,60,73.99,-22.57,-47.17,12.75
Marystown,83,CA,1575855914,100,30.99,47.17,-55.16,1.99
Cockburn Town,0,TC,1575855745,77,79.86,21.46,-71.14,21.43
Batticaloa,100,LK,1575855914,88,77.63,7.71,81.69,5.48
Alta Floresta,100,BR,1575855610,96,71.94,-9.87,-56.08,3.65
Vestmannaeyjar,20,IS,1575855915,74,40.08,63.44,-20.27,23.17
Akdepe,100,TM,1575855915,59,35.6,42.05,59.39,6.93
Kankakee,75,US,1575855770,93,50,41.12,-87.86,6.93
Nsanje,53,MZ,1575855624,93,72.21,-16.92,35.26,3.58
Virginia Beach,90,US,1575855915,81,55,36.85,-75.98,3.36
Souillac,97,FR,1575855625,76,50,45.6,-0.6,18.34
Angoram,57,PG,1575855915,56,89.89,-4.06,144.07,5.39
Zhezkazgan,90,KZ,1575855915,100,24.8,47.8,67.71,8.95
Montepuez,90,MZ,1575855915,86,72.43,-13.13,39,0.51
Ust-Nera,100,RU,1575855631,98,-22.56,64.57,143.24,2.15
Rio Branco,40,BR,1575855915,94,78.8,-9.98,-67.82,2.24
Las Choapas,40,MX,1575855915,78,77,17.91,-94.09,4.29
Tete,100,MZ,1575855915,67,76.98,-16.16,33.59,4.56
Presidente Venceslau,91,BR,1575855915,39,82.4,-21.88,-51.85,10.29
Lata,100,IN,1575855621,27,29.26,30.78,78.62,1.66
Tautira,75,PF,1575855630,62,86,-17.73,-149.15,8.05
Chokurdakh,36,RU,1575855611,74,-26.27,70.62,147.9,1.43
Hambantota,75,LK,1575855619,100,75.2,6.12,81.12,3.36
Atasu,0,KZ,1575855915,87,20.89,48.68,71.64,5.01
Conceicao do Araguaia,100,BR,1575855875,78,76.14,-8.26,-49.26,2.17
Bengbu,0,CN,1575855916,45,57.11,32.92,117.38,11.5
Novyy Urengoy,100,RU,1575855916,93,6.19,66.08,76.63,22.95
Saint-Leu,1,RE,1575855630,65,77,-21.15,55.28,4.7
Manjeshwar,20,IN,1575855916,83,75.2,12.72,74.89,4.7
Baruun-Urt,59,MN,1575855916,76,14.36,46.68,113.28,8.32
Kabanjahe,75,ID,1575855916,94,77,3.1,98.49,4.7
Half Moon Bay,90,US,1575855629,93,57.2,37.46,-122.43,8.05
Carauari,100,BR,1575855916,96,73.85,-4.88,-66.9,1.41
Yibin,1,CN,1575855916,60,59.27,28.77,104.64,2.86
Haifa,34,IL,1575855749,92,55.99,32.82,35,9.22
Jalalpur Pirwala,85,PK,1575855916,20,63.63,29.5,71.22,2.55
Rawson,32,AR,1575855624,59,59.81,-43.3,-65.11,19.51
Mount Gambier,75,AU,1575855521,68,66.2,-37.83,140.78,13.87
Nara,0,JP,1575855916,75,50,34.68,135.8,1.12
Matamoros,75,US,1575855916,83,73.99,25.87,-97.51,8.05
Santa Maria,75,BR,1575855624,88,71.6,-16.02,-48.01,3.36
Altay,97,CN,1575855916,64,13.68,47.83,88.13,3.09
Beloha,59,MG,1575855916,88,72.57,-25.17,45.06,8.28
Batemans Bay,48,AU,1575855616,82,86,-35.71,150.18,14
Saldanha,100,PT,1575855607,95,43,41.42,-6.55,2.24
San Vicente,20,EC,1575855614,88,77,-0.59,-80.41,10.29
Hovd,75,NO,1575855624,86,34,63.83,10.7,4.7
Bambanglipuro,86,ID,1575855629,68,85.87,-7.95,110.28,9.53
Galle,42,GN,1575855917,70,68.09,10.08,-12.83,1.43
Gizo,75,IL,1575855917,87,59,31.8,34.94,8.05
Severodvinsk,90,RU,1575855917,80,30.2,64.56,39.82,8.95
Invermere,78,CA,1575855917,92,14.99,50.51,-116.03,3.6
Karpinsk,100,RU,1575855917,90,30.58,59.76,60.01,9.51
Sibolga,100,ID,1575855627,64,83.88,1.74,98.78,2.71
Hualmay,99,PE,1575855917,83,65.73,-11.1,-77.61,2.1
Palmer,93,AU,1575855612,73,81,-34.85,139.16,17.22
Rybachiy,90,RU,1575855917,100,35.6,48.71,44.74,6.71
Yaring,75,TH,1575855917,78,80.6,6.87,101.37,8.05
Shenjiamen,0,CN,1575855917,60,54.52,29.96,122.3,9.95
Camopi,0,GF,1575855626,95,71.67,3.17,-52.33,2.59
Lengshuijiang,36,CN,1575855918,43,57.18,27.66,111.45,4.14
Maceio,40,BR,1575855614,83,77,-9.67,-35.74,6.93
Tura,97,RU,1575855618,99,-7.47,64.27,100.22,2.86
Buenos Aires,40,AR,1575855630,60,78.8,-34.61,-58.44,11.41
Babushkin,100,RU,1575855918,79,17.56,51.72,105.86,2.64
Nanortalik,100,GL,1575855604,61,32.22,60.14,-45.24,3.65
Zhigansk,0,RU,1575855610,93,-33.21,66.77,123.37,1.72
Naryan-Mar,100,RU,1575855918,96,31.68,67.67,53.09,23.62
Wladyslawowo,40,PL,1575855918,93,43,54.79,18.4,10.29
Verkhnyaya Inta,100,RU,1575855615,85,23.47,65.99,60.32,15.52
Tarakan,20,ID,1575855918,83,82.4,3.3,117.63,5.82
Benton,90,US,1575855918,93,50,38,-88.92,11.68
Manzil Salim,40,TN,1575855918,81,50,35.86,8.48,8.05
Kibala,36,TD,1575855918,28,66.42,9.11,18.35,2.46
San Matias,85,BO,1575855918,87,76.53,-16.36,-58.4,4.21
Esperance,0,AU,1575855607,52,64.4,-33.86,121.89,10.29
Esqueda,100,MX,1575855919,78,57.65,30.72,-109.59,4.09
Kadipur,0,IN,1575855919,53,66.54,26.16,82.38,0.76
Cabedelo,20,BR,1575855919,83,78.8,-6.97,-34.84,6.93
Tarpon Springs,90,US,1575855919,78,72,28.15,-82.76,3.36
Coracao de Jesus,96,BR,1575855919,69,75.2,-16.69,-44.37,5.82
Constantine,75,DZ,1575855919,93,48.2,36.36,6.61,4.7
Katihar,0,IN,1575855919,37,68.61,25.54,87.57,0.96
Necochea,0,AR,1575855621,90,55.99,-38.55,-58.74,5.01
Smithers,75,CA,1575855607,92,14,54.78,-127.17,0.96
Port Hardy,75,CA,1575855612,93,37.4,50.7,-127.42,3.36
Honiara,75,SB,1575855729,74,87.8,-9.43,159.96,5.82
Hohhot,0,CN,1575855919,78,12.2,40.81,111.65,4.47
Bukoba,100,TZ,1575855919,68,72.88,-1.33,31.81,0.27
Emerald,0,AU,1575855919,33,91.4,-23.53,148.16,14.99
Carbondale,40,US,1575855919,81,50,38.82,-95.69,5.23
Chuy,100,UY,1575855609,65,67.33,-33.69,-53.46,3.67
Flinders,33,AU,1575855619,42,82.99,-34.58,150.85,10.29
Jatai,61,IN,1575855919,45,61.81,28.97,76.18,1.9
Sibu,75,MY,1575855612,83,78.8,2.29,111.83,3.36
Pisco,40,PE,1575855626,83,69.8,-13.71,-76.2,9.17
La Plata,0,AR,1575855919,46,78.8,-34.92,-57.95,12.75
Olinda,75,AU,1575855920,16,98.01,-37.84,145.39,19.46
Sept-Iles,90,CA,1575855920,86,28,50.2,-66.38,21.92
West Helena,100,US,1575855920,100,53.01,34.55,-90.64,9.17
Poum,0,MK,1575855606,87,34.81,41.28,20.71,1.32
Praia,75,BR,1575855609,77,68,-20.25,-43.81,6.93
Sistranda,75,NO,1575855633,86,34,63.73,8.83,4.7
Qaqortoq,100,GL,1575855920,27,35.6,60.72,-46.03,21.92
Tongchuan,0,CN,1575855920,80,33.8,34.9,108.95,2.24
Muscatine,90,US,1575855920,93,46.99,41.42,-91.04,5.82
Young,97,UY,1575855920,73,73,-32.7,-57.63,7.29
Saint-Philippe,90,CA,1575855610,82,35.6,45.36,-73.48,19.46
Zhaotong,10,CN,1575855920,68,41.59,27.34,103.71,3.24
Kalmunai,100,LK,1575855629,79,80.76,7.42,81.82,15.08
Peniche,90,PT,1575855920,93,57.2,39.36,-9.38,8.05
Buala,100,SB,1575855920,85,79.59,-8.15,159.59,11.72
Hit,0,IQ,1575855920,59,52.86,33.64,42.83,6.33
Rabaul,78,PG,1575855920,68,84.02,-4.2,152.17,1.59
Limoges,100,FR,1575855920,93,46,45.84,1.26,14.99
Birecik,90,TR,1575855921,93,46.4,37.03,37.98,3.36
Djibo,43,BF,1575855921,13,69.04,14.1,-1.63,7.7
Wichita,90,US,1575855664,81,48.2,37.69,-97.34,1.88
Kailua,20,US,1575855709,61,82.4,21.39,-157.74,6.93
Itambe,50,BR,1575855921,99,66.09,-15.24,-40.62,2.3
Amga,1,RU,1575855921,94,-30.44,60.89,131.98,1.63
Fukue,20,JP,1575855630,61,55,35.03,136.69,8.05
Visby,95,SE,1575855921,87,45,57.64,18.3,19.46
Monrovia,40,LR,1575855736,94,77,6.33,-10.8,4.21
Solvychegodsk,100,RU,1575855921,89,31.64,61.33,46.92,12.26
Teeli,21,RU,1575855921,66,12.34,51.01,90.2,2.91
La Ronge,90,CA,1575855921,76,-4,55.1,-105.3,6.93
Kununurra,0,AU,1575855613,44,96.8,-15.77,128.74,8.05
Bayan,0,CN,1575855921,27,24.49,36.1,102.26,5.68
Bilma,0,NE,1575855921,24,62.13,18.69,12.92,5.93
Wamba,13,CD,1575855922,98,64.87,2.14,27.99,1.86
Linxia,0,CN,1575855922,40,29.08,35.6,103.21,3.76
Luba,0,PH,1575855922,57,81.55,17.32,120.7,8.03
Xinyang,97,CN,1575855922,50,55.8,32.13,114.07,9.71
Maragogi,0,BR,1575855608,78,79.92,-9.01,-35.22,16.15
Kindu,100,CD,1575855922,99,68.32,-2.95,25.92,2.39
Senanga,100,ZM,1575855922,95,66.02,-16.1,23.3,5.35
Praya,40,ID,1575855922,55,91.4,-8.71,116.27,3.36
Mount Pleasant,1,US,1575855622,82,62.6,33.16,-94.97,6.93
Constitucion,5,MX,1575855610,18,69.8,23.99,-104.67,3.36
Gornozavodsk,100,RU,1575855922,94,31.05,58.37,58.33,16.62
Gazanjyk,67,TM,1575855922,93,39.69,39.24,55.52,7.36
Tongzi,39,CN,1575855922,62,58.05,28.78,105.09,3.65
Husainabad,0,IN,1575855922,58,66.02,24.53,84.02,3.36
Otukpo,0,NG,1575855922,29,72.84,7.19,8.13,1.07
Ponazyrevo,94,RU,1575855922,85,33.15,58.36,46.31,10.56
Chenghai,36,CN,1575855608,71,53.6,23.46,116.77,4.47
Scarborough,39,GB,1575855922,87,42.8,54.28,-0.41,8.05
Karakol,0,KG,1575855922,33,24.04,42.49,78.39,4.94
Mikhaylovka,100,RU,1575855922,95,17.76,52.96,103.29,3.15
Brewster,1,US,1575855922,69,44.01,41.76,-70.08,12.75
Marabba,0,SD,1575855922,20,67.62,12.35,32.18,10.56
Chicama,92,PE,1575855608,83,69.8,-7.84,-79.15,8.05
Dolzhanskaya,21,RU,1575855923,85,39.25,46.63,37.8,4.32
Mayya,0,RU,1575855923,57,-41.8,61.74,130.28,6.71
Quatre Cocos,40,MU,1575855632,94,78.01,-20.21,57.76,3.36
Abong Mbang,0,CM,1575855923,53,64.02,3.98,13.18,1.61
Dori,53,BF,1575855630,12,70.83,14.03,-0.03,8.19
Kungurtug,100,RU,1575855923,90,12.15,50.6,97.53,6.55
Gijon,2,ES,1575855923,61,50,43.54,-5.66,9.17
Rio Gallegos,75,AR,1575855923,87,51.8,-51.62,-69.22,5.82
Muroto,75,JP,1575855623,62,53.6,33.37,134.14,6.93
Notse,32,TG,1575855923,82,76.53,6.95,1.17,4.12
Saint-Pierre,75,FR,1575855923,87,46.4,48.95,4.24,24.16
Bilibino,100,RU,1575855923,99,-25.62,68.06,166.44,4.09
Plettenberg Bay,100,ZA,1575855607,81,60.82,-34.05,23.37,8.25
Pandamatenga,100,BW,1575855923,90,67.53,-18.54,25.64,6.08
Aksu,90,KZ,1575855923,100,28.4,52.04,76.93,4.47
Darhan,100,MN,1575855923,85,10.67,49.49,105.92,1.79
Cacequi,100,BR,1575855923,43,74.3,-29.88,-54.83,10.22
Sechura,100,PE,1575855620,88,68.97,-5.56,-80.82,8.19
Paramonga,100,PE,1575855923,90,65.7,-10.68,-77.82,9.91
Qingquan,0,CN,1575855923,51,37.17,34.7,106,2.15
Lorengau,39,PG,1575855614,64,85.42,-2.02,147.27,6.71
Galesong,20,ID,1575855924,79,86,-5.32,119.37,5.82
Fazalpur,20,PK,1575855924,87,48.2,32.18,75.07,0.43
Fairbanks,40,US,1575855403,92,16,64.84,-147.72,2.44
Rudnogorsk,100,RU,1575855924,92,21.72,57.27,103.75,9.33
Puerto Escondido,5,MX,1575855924,69,82.4,15.86,-97.07,3.36
Skibbereen,75,IE,1575855618,70,46.4,51.55,-9.27,42.5
Rurrenabaque,100,BO,1575855924,89,74.5,-14.44,-67.53,0.34
Huilong,0,CN,1575855924,56,55.17,31.15,106.5,0.92
Kahului,20,US,1575855608,51,84.2,20.89,-156.47,10.29
Margate,100,AU,1575855633,29,81,-43.03,147.26,13.87
Jiayuguan,0,CN,1575855924,29,32.22,39.77,98.29,19.15
Trofors,100,NO,1575855924,96,32,65.54,13.39,12.75
Pontarlier,75,CH,1575855924,86,48,46.9,6.35,17.22
Santa Cruz Cabralia,90,BR,1575855924,88,73.4,-16.28,-39.02,4.7
Tilichiki,0,RU,1575855924,90,-12.06,60.47,166.1,10.85
Lasem,100,ID,1575855924,50,93.92,-6.99,112.52,1.54
Sao Sebastiao,25,BR,1575855632,90,74.03,-3.15,-58.36,2.37
Gawler,100,AU,1575855924,73,81,-34.6,138.75,17.22
Japura,75,ID,1575855924,63,86.95,-0.42,102.29,1.7
Barabai,64,ID,1575855924,61,87.82,-2.59,115.38,3.06
Sao Felix do Xingu,100,BR,1575855924,88,72.52,-6.64,-51.99,0.87
Gumdag,8,TM,1575855924,89,41.04,39.2,54.59,3.74
Coolum Beach,95,AU,1575855924,70,91.99,-26.53,153.09,1.99
Lingao,0,CN,1575855925,56,65.7,19.91,109.69,13.49
Marietta,90,US,1575855853,54,54,33.95,-84.55,12.75
Ostersund,100,SE,1575855901,92,26.01,63.18,14.64,3.36
Jaru,47,BR,1575855925,85,74.62,-10.43,-62.48,2.68
Ixtapa,5,MX,1575855825,83,78.8,20.71,-105.21,11.41
Victor Harbor,77,AU,1575855925,73,81,-35.55,138.62,17.22
Santo Antonio da Platina,100,BR,1575855925,66,68.79,-23.3,-50.08,5.91
Faya,20,SA,1575855630,93,55.4,18.39,42.45,2.35
Sorland,100,NO,1575855631,69,33.69,67.67,12.69,36.62
Riyadh,0,SA,1575855925,76,51.8,24.63,46.72,9.22
Yeppoon,0,AU,1575855925,40,87.8,-23.13,150.74,12.75
Aksarka,100,RU,1575855925,92,16.29,66.56,67.8,17.2
Yarmouth,40,CA,1575855925,69,37.99,43.84,-66.12,10.29
Volodarka,99,UA,1575855925,83,35.15,49.52,29.93,11.36
Wasilla,1,US,1575855925,74,37,61.58,-149.44,13.87
Pucara,75,BO,1575855627,72,66.2,-21.7,-64.2,6.98
Sheridan,1,US,1575855925,63,48.2,39.65,-105.03,5.82
Varnamo,100,SE,1575855925,93,41,57.19,14.04,16.11
Luganville,40,VU,1575855925,74,86,-15.51,167.18,5.82
Trairi,7,BR,1575855736,86,74.79,-3.28,-39.27,3.53
Itoman,40,JP,1575855615,64,69.8,26.12,127.67,17.22
Lubao,100,CD,1575855926,98,66.49,-5.39,25.75,3.02
Lucapa,93,AO,1575855926,98,63.55,-8.42,20.74,2.53
Dakar,93,SN,1575855926,77,69.8,14.69,-17.45,14.99
Los Aquijes,40,PE,1575855926,83,69.8,-14.1,-75.69,9.17
Karpathos,0,GR,1575855926,65,62.02,35.51,27.21,19.98
Alexandria,57,RO,1575855752,94,28.99,43.97,25.33,1.01
Broome,76,GB,1575855625,86,44.01,52.47,1.45,13.87
Seoul,90,KR,1575855463,64,39.2,37.57,126.98,3.36
Sonoita,40,US,1575855926,76,62.6,31.68,-110.66,12.75
Sovetskiy,21,RU,1575855621,93,29.79,56.76,48.47,13.76
